Usuario,Inicio_Sprint,Fim_Sprint,PRs Criadas,PRs Aceitas,PRs Revisadas,Issues Identificadas,Issues Aceitas,Produtividade PRs Percentual,Taxa Aceitacao Issues Percentual
bieu-bonfim,2025-09-01,2025-09-06,0,0,0,0,0,0,0
GuilhermePianetti,2025-09-01,2025-09-06,0,0,0,0,0,0,0
DalmoRainer,2025-09-01,2025-09-06,0,0,0,0,0,0,0
melissaalanis,2025-09-01,2025-09-06,0,0,0,0,0,0,0
gabriel2036,2025-09-01,2025-09-06,0,0,0,0,0,0,0
caioomenezes,2025-09-01,2025-09-06,0,0,0,0,0,0,0
Eufrausino,2025-09-01,2025-09-06,0,0,0,0,0,0,0
Analucia26,2025-09-01,2025-09-06,0,0,0,0,0,0,0
amandacmelo,2025-09-01,2025-09-06,0,0,0,0,0,0,0
